W,H,D,T,Xc,Yc,R,ligament_x,ligament_y,clear_ok
175.8802735508973,230.81098076324795,28.15580579980601,20.0,87.94013677544865,115.40549038162398,14.077902899903005,73.86223387554564,101.32758748172097,True
113.08701162215092,144.04482144738557,64.93305666700005,20.0,56.54350581107546,72.02241072369279,32.46652833350002,24.07697747757544,39.555882390192764,True
101.52967790665994,216.89097935247003,53.57065551047774,20.0,50.76483895332997,108.44548967623501,26.78532775523887,23.9795111980911,81.66016192099615,True
150.40546942389057,175.2280708629521,25.49105583060541,20.0,75.20273471194528,87.61403543147605,12.745527915302706,62.45720679664258,74.86850751617335,True
168.37980715607767,156.11917030306589,63.701247730726614,20.0,84.18990357803884,78.05958515153294,31.850623865363307,52.339279712675534,46.20896128616964,True
138.94884764534925,237.88053439536094,69.91713981815201,20.0,69.47442382267462,118.94026719768047,34.958569909076004,34.51585391359862,83.98169728860447,True
178.85790288511447,214.38514558369334,66.22609813669072,20.0,89.42895144255723,107.19257279184667,33.11304906834536,56.31590237421187,74.07952372350131,True
109.80318228245389,192.97679853809666,22.175836163250317,20.0,54.901591141226945,96.48839926904833,11.087918081625158,43.81367305960178,85.40048118742317,True
